ID,Predicted_Score
1,0.7161441996170583
2,0.6853892307644658
3,0.635318383773978
4,0.5206584799591382
5,0.7063643529063693
6,0.5464256389226828
7,0.5538281429073966
8,0.6895503022301545
9,0.5330250451555192
10,0.7608617207633183
11,0.6573075703848082
12,0.7212180153583968
13,0.44501783344607904
14,0.4217193388264667
15,0.5667685811300835
16,0.6974109796742898
17,0.6867459438087915
18,0.5615899673391181
19,0.6553305041898334
20,0.7475835106380748
21,0.6495461915163248
22,0.4632260540264949
23,0.6152531328633103
24,0.6312805072562295
25,0.698872172781233
26,0.7143901079019325
27,0.633857202190819
28,0.7437242996767068
29,0.4302392849611041
30,0.6578394092160004
31,0.6797654897893852
32,0.623833959853342
33,0.7779100723392655
34,0.6059763168233694
35,0.6492026741467188
36,0.7082378533454954
37,0.6754499872460259
38,0.6118639556735721
39,0.7237478486797443
40,0.7570811208779371
41,0.4454878747850004
42,0.7159850725788187
43,0.6897978143826344
44,0.5605972484028366
45,0.525440554800479
46,0.771881911144618
47,0.5051330988596294
48,0.7273520555134811
49,0.6611527597665258
50,0.636137419201143
51,0.6634345363623956
52,0.7000541397116449
53,0.7617325500387687
54,0.7926879006134434
55,0.7004171851848264
56,0.6658410388644025
57,0.7308575401214137
58,0.41419881019761956
59,0.5238659270305898
60,0.5718694303112558
61,0.7153979252653715
62,0.5766725038850806
63,0.6646801951756377
64,0.43075994687012054
65,0.5861904320180042
66,0.5457565337716737
67,0.7106036721477021
68,0.602903635959701
69,0.7519655891978633
70,0.6144881137122097
71,0.6816575774618523
72,0.6699142759219069
73,0.5470729303956274
74,0.6414695078684778
75,0.48572594512036577
76,0.6671016769115908
77,0.4659330702291907
78,0.47551362481285836
79,0.7465742519141149
80,0.44204499338087905
81,0.733342676097072
82,0.6792620823750777
83,0.7211524991751049
84,0.5644745382300779
85,0.49065942189921036
86,0.4578409588626324
87,0.7495225085695936
88,0.6562837889756036
89,0.7633671945545932
90,0.7428707784165881
91,0.7098944886439449
92,0.5005311743276137
93,0.7014218253424966
94,0.6223346003607967
95,0.5872059314670326
96,0.7250991399880589
97,0.7391422184372682
98,0.4236774252195335
99,0.6649995994481473
100,0.7194793150081634
101,0.7362830568617466
102,0.4815154786312534
103,0.6663165860662292
104,0.5893395179186898
105,0.6097559148865339
106,0.5216474618721078
107,0.5383521319370125
108,0.6888054543994362
109,0.5774268630236473
110,0.7715821065743741
111,0.6385513661440466
112,0.647820432586507
113,0.7273231850695823
114,0.6945154880623278
115,0.6866466258438734
116,0.761688033997052
117,0.6404561325962179
118,0.7930838088180681
119,0.725822486557493
120,0.7939928946722238
121,0.5873846835709988
122,0.6922213490246479
123,0.6688706924996498
124,0.7611785402319927
125,0.6918581355587676
126,0.7188883965953412
127,0.7590997637899287
128,0.5344926122784365
129,0.6166787220913634
130,0.44481089088216114
131,0.44388935563621196
132,0.5715895741440368
133,0.5834236570117824
134,0.8056917506669953
135,0.6951651833829017
136,0.4452799718614357
137,0.7133551081166489
138,0.6076839337372699
139,0.731293878771334
140,0.7210691749284236
141,0.42454576079828393
142,0.6034908676864936
143,0.5778820043354795
144,0.6717139617533208
145,0.7468225303874195
146,0.6242626754185949
147,0.7353181266113681
148,0.6237864647793077
149,0.546366946497439
150,0.7425851823457824
151,0.6836690168737645
152,0.7248244736337393
153,0.7355089381273506
154,0.5033503808947446
155,0.44949750549262146
156,0.7091543534802047
157,0.5062120749919499
158,0.5437450037494655
159,0.7122025240304463
160,0.6881514659571224
161,0.7753820421305725
162,0.4740556866257264
163,0.7053560603532111
164,0.47236839093680877
165,0.7599928784448755
166,0.3895738664470462
167,0.463636520544279
168,0.7639892842621698
169,0.5044105778501741
170,0.6662623732290045
171,0.6583892764526574
172,0.7016513962614908
173,0.7249761123423513
174,0.5751465120856964
175,0.672866096209042
176,0.5484302146844268
177,0.5955747225097284
178,0.6404772487134559
179,0.7870406294648761
180,0.6894836218875674
181,0.8200476465912012
182,0.733682363362751
183,0.45709645257719966
184,0.6755990097035822
185,0.4800326511828466
186,0.6782581060757006
187,0.6782994680683782
188,0.6348212903741013
189,0.668804824147852
190,0.7472518614500987
191,0.7775580480257154
192,0.7531297508804365
193,0.6012853798182596
194,0.3572444733703216
195,0.6688951078204766
196,0.7060465418289429
197,0.7312680148770818
198,0.7201816144556471
199,0.7807045576940638
200,0.4736808228097398
201,0.709141586517276
202,0.7154211376019288
203,0.6490335909066924
204,0.7998199139317608
205,0.6638977086004291
206,0.5027052238421335
207,0.4526317625663876
208,0.6340562693615073
209,0.669555151212176
210,0.40156010825509103
211,0.7672076133889638
212,0.6245460352426524
213,0.7410181910968835
214,0.7716410222947511
215,0.7105465275714232
216,0.7830463218213408
217,0.6672629882124627
218,0.5622404216174578
219,0.762203534772318
220,0.6652870506800785
221,0.7447520150425647
222,0.5641471909298574
223,0.7100136121890943
224,0.4666553474378781
225,0.6023481253583916
226,0.6594893120909783
227,0.7074326227156927
228,0.5692852669694853
229,0.7023935598665174
230,0.7100150228849095
231,0.4757655880590677
232,0.4431473067420139
233,0.4355138381753359
234,0.6061056950303698
235,0.7025828316769591
236,0.5167223041455139
237,0.5930775433570104
238,0.5163384980074915
239,0.6582281965013932
240,0.7166271021151177
241,0.7194400611435928
242,0.4450020586633803
243,0.4537490165626612
244,0.523660135049917
245,0.6552023227713955
246,0.6672623577388124
247,0.6389009998488565
248,0.5844257258857047
249,0.6667142237825746
250,0.7386094878601395
251,0.4859168585929383
252,0.6591292769999899
253,0.643554526214023
254,0.641565178501982
255,0.7628586646587227
256,0.7424416426696578
257,0.6382848969279877
258,0.4712633267923786
259,0.7226977366431081
260,0.7619665650657209
261,0.705639250009446
262,0.6480742840159583
263,0.7662138852380984
264,0.5892689957094877
265,0.6618192850347014
266,0.5139727693642075
267,0.7244451506468446
268,0.741060904911295
269,0.7135646338552467
270,0.6930489571595646
271,0.6231024874772575
272,0.6758512746053361
273,0.7797549071692211
274,0.5403644832264491
275,0.7422954995934661
276,0.7128378038685705
277,0.6858028828910262
278,0.5485120072477199
279,0.6674426627468285
280,0.6382316720861086
281,0.7294835152812438
282,0.6774749391110497
283,0.4676808383030411
284,0.48604196624745494
285,0.7480294470705301
286,0.6783680161833122
287,0.5843955686444511
288,0.6894373219168015
289,0.662455924792204
290,0.648642917769399
291,0.6500147104833571
292,0.6491964190923699
293,0.6578983035091213
294,0.6292385895840167
295,0.49955103758398756
296,0.5431320398842111
297,0.7913715053936935
298,0.741110845915791
299,0.48511229118990573
300,0.7282114788495098
301,0.6749395909361395
302,0.5975830928316143
303,0.7007916018038987
304,0.41170484007934127
305,0.7090966749391057
306,0.6282140537386708
307,0.6890080590274638
308,0.758670496514148
309,0.6587502911920636
310,0.5456990613461594
311,0.6281486469953218
312,0.7220429454159657
313,0.7514674944637824
314,0.6675922717428748
315,0.4214002125153654
316,0.5972009668188378
317,0.6814149434147361
318,0.5908672208227151
319,0.6811339761095564
320,0.6757808715516187
321,0.6351886692262865
322,0.7756656516153619
323,0.4962799249824899
324,0.6911767171873634
325,0.655259978905074
326,0.6826801339667575
327,0.5445130931530398
328,0.7497674284736576
329,0.4663883874032162
330,0.615482768850505
331,0.7009377138585445
332,0.7549143365549107
333,0.6524852354058298
334,0.8071684069195169
335,0.456956987830868
336,0.5564735841286326
337,0.6556907525245441
338,0.6355480158017298
339,0.6921005909133661
340,0.5307991610888881
341,0.7185928757777259
342,0.4579119999720132
343,0.7852507855732374
344,0.6303280140774312
345,0.6907431242861171
346,0.7212865341608309
347,0.6837450521274846
348,0.6552736310600284
349,0.7349827450317389
350,0.4053233478272473
351,0.4732457525820124
352,0.4448392829335107
353,0.8008065923838867
354,0.7254142653127469
355,0.7118047857680763
356,0.7518119400916546
357,0.5721576060529353
358,0.699978053766595
359,0.6966644827460773
360,0.572771760956932
361,0.7250048696916886
362,0.5976493008793584
363,0.7218749396041397
364,0.6704580613546142
365,0.652718381146088
366,0.6034262550352817
367,0.4705195313669115
368,0.7999270027128137
369,0.3782760342001873
370,0.5427896886843284
371,0.5120841656203523
372,0.6096471986569147
373,0.7223553177019496
374,0.46742646268883364
375,0.6207422089270921
376,0.664696199449585
377,0.6835446649148237
378,0.7549441705098733
379,0.6358816471577577
380,0.47187986626994055
381,0.5613702927576979
382,0.6350895563868034
383,0.7661478785904652
384,0.4270634276196331
385,0.6743332173944292
386,0.7856743916263946
387,0.7749204793482409
388,0.518667379730629
389,0.6662271876443513
390,0.6873758522702822
391,0.481656579073237
392,0.6734254312562351
393,0.6032103349747959
394,0.6641181203224101
395,0.730736803934844
396,0.5322871912890471
397,0.493954020258677
398,0.4611402889293971
399,0.7481437353933592
400,0.7395447689104214
401,0.6823272214405107
402,0.7007659471053119
403,0.5600557897792988
404,0.6019414845435073
405,0.7078699713027808
406,0.7029841360863737
407,0.462100225956621
408,0.6479693457010139
409,0.7436273253107285
410,0.7851876336662218
411,0.7227561412676022
412,0.708180769345399
413,0.6246535383118467
414,0.7585039128105512
415,0.4908272416951986
416,0.6198860482674377
417,0.63029724877793
418,0.716815732614922
419,0.6978180305680358
420,0.5649512180228765
421,0.5007500325130887
422,0.46594804213913504
423,0.5377736168024101
424,0.49846912907639285
425,0.515371061090992
426,0.7349877056184597
427,0.7231957535402069
428,0.4540370679608432
429,0.6567481970416114
430,0.7557137163737074
431,0.7600360295393003
432,0.6437989572614372
433,0.6945129483489735
434,0.7002544021521895
435,0.45613986751235946
436,0.761246681345919
437,0.45705543724140674
438,0.6471380410390922
439,0.6508112026279163
440,0.4589629175187964
441,0.6134357406358677
442,0.6680645109022191
443,0.6495419312252908
444,0.42355987341214185
445,0.6674804386109774
446,0.5455445554829442
447,0.749593832844517
448,0.6906545210663576
449,0.6308282522689359
450,0.6648222227872407
451,0.4815576849906638
452,0.6968568665635105
453,0.6259511039071703
454,0.7009941164158481
455,0.6897277095561352
456,0.619490920663722
457,0.4327091841484872
458,0.5019592307004397
459,0.7404834483218594
460,0.739443426239275
461,0.5612416661605849
462,0.5441065831628015
463,0.6025324774051032
464,0.754828843392241
465,0.68348564704788
466,0.5787308348905423
467,0.8206454510682304
468,0.6828300580486338
469,0.6186872176639653
470,0.6996755074908686
471,0.7221762712540363
472,0.6546347756809341
473,0.7862928197085415
474,0.6672164425164825
475,0.4840363112709567
476,0.69383047688141
477,0.4858779101445857
478,0.4619254069989181
479,0.7632939539764525
480,0.6645472802298021
481,0.4322240299642761
482,0.6665756424783972
483,0.7480099324774797
484,0.7332497150049748
485,0.43848651603941113
486,0.6477001320447832
487,0.6341636606200037
488,0.6717962742995387
489,0.6450708417240536
490,0.7431786029315942
491,0.44626546100977277
492,0.6444674587023902
493,0.6121350554783179
494,0.6047522831372929
495,0.7110901617845186
496,0.5061294157463032
497,0.689987953407526
498,0.7139651543548792
499,0.6634680648124871
500,0.7645405507195578
501,0.6826024665548796
502,0.6553159970905348
503,0.6390176675677023
504,0.44478018611738174
505,0.7234115530803484
506,0.5299186978348381
507,0.5771377876656965
508,0.5054389994191452
509,0.6972997385457901
510,0.7591145859991117
511,0.5460422952155969
512,0.7932586801357648
513,0.7031239014071105
514,0.6329779023464458
515,0.6011170570354841
516,0.6656498307058901
517,0.49142788234568685
518,0.7482735143598276
519,0.7824328259137553
520,0.6727538334336701
521,0.6823547246995185
522,0.6582029750230785
523,0.7733473307176256
524,0.7665659548869034
525,0.7678751864952253
526,0.44088915480915986
527,0.6484146566983688
528,0.7413448577000664
529,0.7135337848437691
530,0.7409667270322455
531,0.4012827732458592
532,0.5512802881672744
533,0.6081695003842519
534,0.6796689404493338
535,0.6952766102054306
536,0.7376891620758745
537,0.739175501255523
538,0.5991513094158131
539,0.482690621440575
540,0.7426889119931341
541,0.767960219849935
542,0.755153766883378
543,0.694662996870038
544,0.45166287389048726
545,0.6618410455425278
546,0.7334550214183032
547,0.6076468652096984
548,0.7750019237226334
549,0.5895526484978679
550,0.7151672099157288
551,0.715451532278037
552,0.6860816127953481
553,0.7008559959637446
554,0.422417319878463
555,0.6557906038609624
556,0.6706705200193902
557,0.7333222772350193
558,0.7378664060122121
559,0.6134013162775263
560,0.48886996868264415
561,0.5505776662840645
562,0.7089553061323314
563,0.6057678739461735
564,0.5439291278126337
565,0.6990755898138269
566,0.7099107513674326
567,0.7033138164214526
568,0.4720143013269768
569,0.4413823969455347
570,0.5990232978323412
571,0.6489791369010411
572,0.4276060282278755
573,0.7973973679944477
574,0.4219744206234936
575,0.5526338253296538
576,0.6619840424367647
577,0.8023639439140053
578,0.7037389287129289
579,0.6273824400115604
580,0.6972847457600034
581,0.744907628953287
582,0.7218888835860109
583,0.6938563635888926
584,0.7171955253752605
585,0.5831710443503746
586,0.6153494848432993
587,0.7385001200162383
588,0.6783025329155876
589,0.6954547185092698
590,0.6547897847349606
591,0.6578685164424272
592,0.7217247587899348
593,0.5769991169439775
594,0.5890866017431823
595,0.5251865795514875
596,0.6452074735986723
597,0.5479445791594124
598,0.5044623082521447
599,0.726190400670961
600,0.665023948334623
601,0.7135243696983059
602,0.776023979670389
603,0.41747177416853887
604,0.6765315229464831
605,0.7110853590882323
606,0.553897119232892
607,0.6581113421186847
608,0.6344582993774036
609,0.5959136847747142
610,0.6756198447749783
611,0.628250996748232
612,0.7449295491511904
613,0.4649942426555522
614,0.5068556745179088
615,0.7698928617513927
616,0.7094153826194501
617,0.6380045411537285
618,0.6869978571577199
619,0.6652780484874163
620,0.5762475418508971
621,0.778511451986357
622,0.6591861760765527
623,0.6590616974537689
624,0.761783003097817
625,0.5024267580372108
626,0.6651277094979793
627,0.6312745024809036
628,0.6397775323641004
629,0.6249219328456933
630,0.7535651990555232
631,0.45733108130056205
632,0.7573659767780708
633,0.7386941466110506
634,0.7044704078327448
635,0.45037922573661543
636,0.523536908247501
637,0.6972587944505093
638,0.7500181962485082
639,0.46895517632632056
640,0.6632797507766173
641,0.7123104914639503
642,0.7103401692490288
643,0.6917411485859993
644,0.7094603042243108
645,0.3922503632277917
646,0.7268815952690452
647,0.7350362335277733
648,0.7163057574866893
649,0.6785021476296844
650,0.4966310573639522
651,0.5394732457333477
652,0.7231464139582485
653,0.5451005390653658
654,0.6741245415624664
655,0.6121094983909598
656,0.7009269201020061
657,0.6598478411558859
658,0.5851784415614996
659,0.6643511355053836
660,0.5723335441996712
661,0.4556920129756354
662,0.6600634814681876
663,0.7718270171603783
664,0.6723820365708828
665,0.6095778241315066
666,0.5578823200712842
667,0.6963238655774197
668,0.5609166211365945
669,0.7202428744120001
670,0.6914902074415149
671,0.7265560065682939
672,0.6527448401101507
673,0.7338642229579502
674,0.6865829036901638
675,0.6957384005403973
676,0.727877921602078
677,0.6423008240523279
678,0.7161570835463708
679,0.545682334082856
680,0.6843889563445922
681,0.6041610858684935
682,0.6706008344931085
683,0.7072167087720186
684,0.6222945391970687
685,0.7268951711239027
686,0.6535128824450932
687,0.5771650232506246
688,0.7466510095722595
689,0.7111848754041212
690,0.5546369297111556
691,0.5759839364960988
692,0.7529524650316892
693,0.45827630026748484
694,0.7763891893778699
695,0.5292447363598505
696,0.7782853529418023
697,0.7273049737971837
698,0.5983869325486195
699,0.759725629239578
700,0.7026885129618643
701,0.43592066844595706
702,0.5480342489513355
703,0.6694982351055281
704,0.5779176663784601
705,0.5076922115840783
706,0.4820935308078649
707,0.6711845568447611
708,0.4715623161120432
709,0.6671466781326293
710,0.6846178799579393
711,0.6803280828016869
712,0.6910491981047122
713,0.6290789778708387
714,0.6870701855322053
715,0.4460065289073388
716,0.7387668881231473
717,0.6473438384630733
718,0.7293358515354897
719,0.6883230205511996
720,0.7795830988180346
721,0.6023918250234939
722,0.6370591592628421
723,0.43390085172077814
724,0.7890643415761271
725,0.6417769160350961
726,0.742449674320089
727,0.5686290007294074
728,0.6158063346619372
729,0.6635352891162692
730,0.7867593068065699
731,0.7180776114538606
732,0.6449331213824336
733,0.6980346861799002
734,0.677511177675888
735,0.529842732271259
736,0.4520672573208994
737,0.5217301259490943
738,0.6479014433243079
739,0.44063770504964317
740,0.7854838215450424
741,0.7173618309614632
742,0.6739304122893126
743,0.4237227183560938
744,0.689695759079471
745,0.4735373034829512
746,0.6846150974292969
747,0.7818461491808716
748,0.685734628386561
749,0.4668684065840409
750,0.7304537410639202
751,0.4280942903661415
752,0.6884967367571465
753,0.7983591226485381
754,0.7607763915159603
755,0.6773642602104132
756,0.6346418092675362
757,0.691042236915889
758,0.4273750036688173
759,0.7303041396609882
760,0.8140454592157282
761,0.6977546670600505
762,0.7657351465642042
763,0.4916764226180594
764,0.4929329386001534
765,0.6975042262345861
766,0.6321745322577119
767,0.7596397465828885
768,0.5100186588372952
769,0.6859670257181473
770,0.44317200850769406
771,0.4635156817433097
772,0.7001049278945178
773,0.7028606841354053
774,0.7628666839914561
775,0.5148632993452679
776,0.5160398028322135
777,0.7420200313423303
778,0.47345943316282485
779,0.4034466670245659
780,0.6506639748814108
781,0.6114524743378051
782,0.4612080171451913
783,0.45895766622856843
784,0.7489113004728345
785,0.6101334922132119
786,0.7172109618186391
787,0.7596749636775232
788,0.6605414406874848
789,0.6917423760673341
790,0.5238504086423983
791,0.7084948361391064
792,0.730233673579189
793,0.7314416540864919
794,0.4555482996470585
795,0.5442331064381158
796,0.6447637910473735
797,0.7188118644645605
798,0.7556607723273729
799,0.6403805428150892
800,0.8028423868714647
801,0.7576611466885023
802,0.6361117607787072
803,0.471927563488784
804,0.6996372265064124
805,0.7355859753010325
806,0.7515639837462332
807,0.48003190511139426
808,0.7368591993904439
809,0.6620504306285024
810,0.59364636552058
811,0.7063034815662887
812,0.7727453029968917
813,0.6791637128230146
814,0.6850882262287158
815,0.7285474931434944
816,0.5469832030145365
817,0.6212026932612265
818,0.7668681526990593
819,0.47818945306015653
820,0.6865666743181794
821,0.45187416010505016
822,0.5099380213271998
823,0.6210312475374132
824,0.6730079403238634
825,0.7202767788066176
826,0.7790849473927519
827,0.4907859851736231
828,0.40346341246365774
829,0.7039507604802787
830,0.661334436691535
831,0.7166607023537749
832,0.6529492803900658
833,0.45812555351139533
834,0.719206653618566
835,0.6720543091733276
836,0.457936491101012
837,0.6932809685570462
838,0.5699953484213958
839,0.6929949208232883
840,0.664447949524405
841,0.6433707710935029
842,0.6276475230910041
843,0.6874960507028983
844,0.6811128917734537
845,0.7396223430460778
846,0.7568340436228471
847,0.526887990024607
848,0.7064166802288769
849,0.6064847077065488
850,0.7068474518500636
851,0.6649806417317177
852,0.6267656338791765
853,0.495795989852539
854,0.5799197388184656
855,0.631780222795906
856,0.4223981836528011
857,0.7984648779872174
858,0.7412722870263097
859,0.7126116347839871
860,0.5719152080072935
861,0.6805759963126672
862,0.720532550024118
863,0.7513216076533352
864,0.6364104647133368
865,0.593587342442153
866,0.7240345708521949
867,0.6886985281776683
868,0.757578433971394
869,0.5362376585379931
870,0.7593584100093155
871,0.6603730935094145
872,0.6709221978865955
873,0.7523383473410669
874,0.7386209425270955
875,0.5496836656206704
876,0.6761366185648853
877,0.5014158014362867
878,0.4164183290034526
879,0.6482722820297634
880,0.7613394038802196
881,0.7702902795977479
882,0.7445141988620215
883,0.7573507099113297
884,0.7161203495378178
885,0.5987402229224319
886,0.6615251346002881
887,0.4883845019271796
888,0.7189186943925211
889,0.4922193728538257
890,0.6782215319365634
891,0.679981569206105
892,0.7064463847837821
893,0.6141926003150961
894,0.7659007369327812
895,0.7128827711053106
896,0.5205120373423668
897,0.6894163237448295
898,0.6556518695856951
899,0.5932038023237123
900,0.4297795298781176
901,0.800051271697708
902,0.6150520539807955
903,0.4003176572938537
904,0.6317315414167217
905,0.7435387781646899
906,0.6756439762807567
907,0.5987855137496945
908,0.6619113842615396
909,0.6295073560227231
910,0.6710085228324884
911,0.6320922139253807
912,0.5724198133821587
913,0.656695620975794
914,0.40539085722306284
915,0.673980937958989
916,0.7263771977746337
917,0.6312983542959333
918,0.4242787172090098
919,0.6887731821149038
920,0.6662444957034477
921,0.6516509232963402
922,0.6614967093636807
923,0.6930320291353171
924,0.744518275717875
925,0.47743928216501136
926,0.4731393502850144
927,0.677767543003132
928,0.6410571381567391
929,0.7405422517117664
930,0.4190227553195778
931,0.7081988642898501
932,0.6795839515035006
933,0.7373383903109049
934,0.7220354745069436
935,0.659436536542558
936,0.45126632613566997
937,0.7641057033888652
938,0.7760324251520402
939,0.41437606838772945
940,0.469485324369493
941,0.6176793814035635
942,0.6584392516961156
943,0.4974365920459486
944,0.6833940306602168
945,0.6929344285439286
946,0.5405645991977877
947,0.7000734456598205
948,0.4863059819263972
949,0.6832486867946741
950,0.6554751279309856
951,0.7194754003172259
952,0.5125923615295315
953,0.5422185389922141
954,0.6984212852599516
955,0.6806344606377525
956,0.7093017008361606
957,0.7590401866677606
958,0.6834793872548242
959,0.6985421156168176
960,0.616789746180643
961,0.610963171444027
962,0.8055663841062595
963,0.40903131876572146
964,0.6743270384679781
965,0.6767628638289104
966,0.44958328770069683
967,0.456998073080769
968,0.6914473174452306
969,0.8097597983750693
970,0.6968411767652962
971,0.5960681090042178
972,0.8013962311381245
973,0.5832797812792295
974,0.44228773491760004
975,0.6372444696243578
976,0.7474110715465071
977,0.8019869808818516
978,0.3795047150494293
979,0.6303091931687725
980,0.6190871943417109
981,0.7255285787445095
982,0.7601494455597253
983,0.5874543025512203
984,0.7392965452632877
985,0.7312384930434633
986,0.53346667828468
987,0.4062779383144587
988,0.6565209245575109
989,0.6955792822676105
990,0.6505278666358109
991,0.7172493781842002
992,0.6755424750058172
993,0.7752598132324741
994,0.5241092428889282
995,0.4053503470520622
996,0.46520344657472273
997,0.4565320691993879
998,0.45258285952561367
999,0.7275157447643499
1000,0.6678062302154492
1001,0.7739658367031984
1002,0.7127596767719058
1003,0.435650857703053
1004,0.6219456837907726
1005,0.6647367305773481
1006,0.6183837678304253
1007,0.7038398439849781
1008,0.6559167166372861
1009,0.624417603366155
1010,0.6573318762720338
1011,0.45794497772446285
1012,0.7079397064472718
1013,0.43530034362874487
1014,0.5190807202854291
1015,0.6808058943029696
1016,0.6211688210527574
1017,0.6507484791063155
1018,0.7161699592277098
1019,0.6705783642529493
1020,0.7268508557816915
1021,0.5819267230717364
1022,0.48014197977791745
1023,0.6850203890875484
1024,0.6476671541791612
1025,0.6679177342695215
1026,0.7095486181734547
1027,0.7262042998363062
1028,0.5688170299858781
1029,0.6561914639286908
1030,0.6275322827055133
1031,0.6040344134182477
1032,0.5405456290539352
1033,0.6277483120687833
1034,0.63814631431976
1035,0.4931542678661125
1036,0.6037486078395223
1037,0.42689632327641425
1038,0.7500324046084177
1039,0.711101950340921
1040,0.6008739098823971
1041,0.6950217322536969
1042,0.7147063767177446
1043,0.45600858057653465
1044,0.6426555527269978
1045,0.7739550506014555
1046,0.6856889754501073
1047,0.7531542088555804
1048,0.7417083439959405
1049,0.6610708355356089
1050,0.7915864357746569
1051,0.5995031356992457
1052,0.6315650191319568
1053,0.6208518150520543
1054,0.4797694130487949
1055,0.774546059052494
1056,0.6740469671201211
1057,0.5407430277441481
1058,0.5726704694690736
1059,0.5032297206025891
1060,0.5744214737190557
1061,0.7001441730322855
1062,0.7076018127878132
1063,0.6475517119265967
1064,0.4872980214663404
1065,0.7289224398429249
1066,0.7119885961717762
1067,0.5917393845082949
1068,0.685621995350386
1069,0.5607150573259477
1070,0.5824319607261725
1071,0.45918692601331956
1072,0.5672657248293493
1073,0.7410845435456306
1074,0.7055235453137036
1075,0.7136580074670303
1076,0.4433277455832856
1077,0.6173676765046939
1078,0.46719135085826907
1079,0.6536136327479356
1080,0.7247024870569125
1081,0.5168965372358434
1082,0.658552325602487
1083,0.5479783843749401
1084,0.799046756027046
1085,0.46474000492875495
1086,0.4938686025085722
1087,0.4616244868247544
1088,0.6245591203374679
1089,0.6857827460626083
1090,0.7270489658201406
1091,0.5491518626926672
1092,0.7160992623657201
1093,0.6884988026512923
1094,0.6547830222947206
1095,0.7976095009484659
1096,0.735712577504046
1097,0.5859727881943441
1098,0.7057117988094126
1099,0.7089397504483153
1100,0.7285763653943569
1101,0.5187456378797479
1102,0.6642198116522295
1103,0.5671274002960698
1104,0.4469276514792171
1105,0.7523331474462657
1106,0.43324589031452687
1107,0.7499560107829578
1108,0.7420992631448609
1109,0.7216890104641125
1110,0.7062128215163451
1111,0.49201284361573644
1112,0.7289580101948818
1113,0.7019348790491702
1114,0.4381025911746373
1115,0.4275671155292724
1116,0.6205149716396684
1117,0.6255679998519511
1118,0.4276776163748918
1119,0.625485036098589
1120,0.4277879282386617
1121,0.6284252674987889
1122,0.7233826708770011
1123,0.49056519558344747
1124,0.7175296255007877
1125,0.7440013785346278
1126,0.4258680352806351
1127,0.6197415068816228
1128,0.7801641173479097
1129,0.5617968639114614
1130,0.7772987880869023
1131,0.6994275754230195
1132,0.7506902392846823
1133,0.4323339192949709
1134,0.5976463152612018
1135,0.4692300017719939
1136,0.7789877834862498
1137,0.6662191801012084
1138,0.7121309241316311
1139,0.7301789946565694
1140,0.6726974457975999
1141,0.43752653332822866
1142,0.6832337474945724
1143,0.713197491190856
1144,0.6371267650805102
1145,0.7398245527742023
1146,0.6811615696512144
1147,0.6556503216306526
1148,0.7985515200356009
1149,0.5711576792787899
1150,0.505697993656343
1151,0.42873802274456485
1152,0.5031878163285203
1153,0.5144075495825969
1154,0.7104508756231265
1155,0.6724138558563578
1156,0.4924107224770781
1157,0.7651569506264948
1158,0.5369986458558403
1159,0.571869263653003
1160,0.41997910284988577
1161,0.6838336417895912
1162,0.5263622283738926
1163,0.5994218269795929
1164,0.6600949051582734
1165,0.6564170859754686
1166,0.7090547481280686
1167,0.47446885523435683
1168,0.5664980380331167
1169,0.7027418341797597
1170,0.5184338579305541
1171,0.7249038513232238
1172,0.699945355669431
1173,0.4236980033407121
1174,0.5786448441457689
1175,0.4994108018247324
1176,0.6473357246616984
1177,0.7208481031909676
1178,0.6828488285230461
1179,0.7724421312415768
1180,0.6481728940400777
1181,0.7946452984446379
1182,0.6580778820366998
1183,0.6133169374101448
1184,0.5910380731694129
1185,0.7094288084332151
1186,0.5203838916619478
1187,0.6240276974359135
1188,0.7063192958017768
1189,0.7199839364639322
1190,0.7429184946847858
1191,0.7439523348273068
1192,0.662910530546618
1193,0.6647002396563796
1194,0.6717439975643185
1195,0.7462019474928937
1196,0.7239905983996171
1197,0.6761292668329837
1198,0.7326123260527774
1199,0.4794480106738378
1200,0.7393824207119879
1201,0.780900947011646
1202,0.7597858734076745
1203,0.7291032927359106
1204,0.7633682077397633
1205,0.6313032812507859
1206,0.6377024464383911
1207,0.6865488374563072
1208,0.5937359291516483
1209,0.6729005870642887
1210,0.7019532979319776
1211,0.6013791654914934
1212,0.761116710737637
1213,0.7315448373028073
1214,0.7370483836136172
1215,0.6189064879020318
1216,0.6484231438907371
1217,0.6321749348224116
1218,0.7458028057344154
1219,0.45987971272213146
1220,0.5709880281524636
1221,0.6186890521557501
1222,0.7143325835477046
1223,0.7580149631154393
1224,0.6351449378003626
1225,0.45097801590895203
1226,0.4743436664832743
1227,0.41208444286869733
1228,0.7564172593649556
1229,0.5805305349630625
1230,0.7029363781289206
1231,0.7158658928284719
1232,0.4869678033793987
1233,0.6722928206652818
1234,0.6460534893526788
1235,0.7000811077868058
1236,0.7015191044380904
1237,0.7155170907675639
1238,0.7497495019384351
1239,0.4676802069384003
1240,0.642387964233596
1241,0.5367889430551472
1242,0.7003166495576579
1243,0.6854515683078348
1244,0.6156991218511524
1245,0.4954720010672677
1246,0.7737893706287969
1247,0.7361566855629667
1248,0.5720513647777992
1249,0.4704101693107268
1250,0.5683702607110992
1251,0.7603858488381143
1252,0.7633488635579111
1253,0.727273727685738
1254,0.7845082445741955
1255,0.5550585037357761
1256,0.7335169868405302
1257,0.7178270399712033
1258,0.5963007564273987
1259,0.703663534347681
1260,0.4729380469608201
1261,0.6311117660724668
1262,0.7167303776828643
1263,0.7594612232340249
1264,0.7742659593483255
1265,0.753978713614058
1266,0.59789771364486
1267,0.6655174836192119
1268,0.5295308979155566
1269,0.6088342935775922
1270,0.5421928011264988
1271,0.707967932502473
1272,0.5999903804380087
1273,0.418418461823849
1274,0.6157350433316694
1275,0.46204415596775766
1276,0.6589420416854455
1277,0.6986560534078456
1278,0.5186643840230877
1279,0.60205432640106
1280,0.7369328238730913
1281,0.7995407330038642
1282,0.6107887883351764
1283,0.5700703856439475
1284,0.6516944872925958
1285,0.7223869273115968
1286,0.7226108094011553
1287,0.7285033904083946
1288,0.7362510711199819
1289,0.7284754433110416
1290,0.4417351073802206
1291,0.7624251686403171
1292,0.672563168806828
1293,0.6959677556817709
1294,0.6844784029044774
1295,0.6728284242152001
1296,0.6605297951919787
1297,0.5489205293040464
1298,0.7451288262513199
1299,0.49490625321747833
1300,0.6521506587180413
1301,0.6615198741431418
1302,0.7596164161242724
1303,0.741019829770729
1304,0.607363568632242
1305,0.739700090440311
1306,0.6075490449062187
1307,0.43649703184325017
1308,0.6792865725468993
1309,0.7786851767391564
1310,0.7018394861110887
1311,0.5008248794859752
1312,0.4702855751582711
1313,0.6531345793737435
1314,0.66798782889015
1315,0.5647868363465995
1316,0.6865779413389238
1317,0.5711121481716691
1318,0.7520048378267392
1319,0.6900849519563459
1320,0.6800451655655507
1321,0.6102256326427221
1322,0.6349092986876126
1323,0.6219597773455826
1324,0.6958203164114728
1325,0.6565402263977109
1326,0.7379365244133556
1327,0.46259842469224893
1328,0.4367730631135645
1329,0.7619241983649799
1330,0.5860766170444573
1331,0.53982109035231
1332,0.5092687773872264
1333,0.5442303562051047
1334,0.6634999476042652
1335,0.6731147768244411
1336,0.6844837393088489
1337,0.7973115443310029
1338,0.7163141631614152
1339,0.7057533333918263
1340,0.41954321644770887
1341,0.7644331565746599
1342,0.7343073822011076
1343,0.5813034848005973
1344,0.7758665016414358
1345,0.7335301373243407
1346,0.4999696474585273
1347,0.7383404567298155
1348,0.6242547081280525
1349,0.6524089110444166
1350,0.44004756422080465
1351,0.6386512778503831
1352,0.5506830605864634
1353,0.7204569179751139
1354,0.4552833972085914
1355,0.7552242961431974
1356,0.42888565567486786
1357,0.4810453157694182
1358,0.4344258211736476
1359,0.7342263052448749
1360,0.5693032618036825
1361,0.7496607567872446
1362,0.4605409364291668
1363,0.6627990402389254
1364,0.7121364949819251
1365,0.7155858257633952
1366,0.6004862630644318
1367,0.7093226886315737
1368,0.6833772612161803
1369,0.7212123874922258
1370,0.7600973113837316
1371,0.7091336041147509
1372,0.6557889752613113
1373,0.6088621643583362
1374,0.5651189455544535
1375,0.43380119319775606
1376,0.7429760026482346
1377,0.7142474350214019
1378,0.4873731109397
1379,0.686388508136956
1380,0.4428112537699274
1381,0.7672546680778425
1382,0.7238466744387632
1383,0.5935423087889271
1384,0.6812708039510359
1385,0.7383399904808706
1386,0.7384851036703824
1387,0.7630042918047261
1388,0.7960852844346222
1389,0.7659888145343036
1390,0.7191045521849949
1391,0.6481787411207629
1392,0.745393511567804
1393,0.7615117089415363
1394,0.4841930695761548
1395,0.5889063035737071
1396,0.7517032473814984
1397,0.46815955586148095
1398,0.7217114705977078
1399,0.7508053251637016
1400,0.7431362586751628
1401,0.6640223368178253
1402,0.4742620946936952
1403,0.6779140293224916
1404,0.42350851469720685
1405,0.4739036621833692
1406,0.7814181186226403
1407,0.673181290542802
1408,0.7575453190888016
1409,0.505116966615281
1410,0.7255785129654414
1411,0.7059935122954889
1412,0.5052463861002456
1413,0.7587192612821939
1414,0.7107618399667404
1415,0.7750103239527163
1416,0.8135690748688953
1417,0.7287906461740419
1418,0.600641708156976
1419,0.425644748497801
1420,0.6524524640514704
1421,0.42981967164704543
1422,0.7390701165059724
1423,0.4648288683360822
1424,0.5090342118778639
1425,0.4479142454881205
1426,0.760288134973764
1427,0.4598070273636638
1428,0.6954514907214996
1429,0.7102964314761429
1430,0.44783706647809235
1431,0.6763872349499354
1432,0.6976762784021935
1433,0.5110663498511389
1434,0.5789612959568367
1435,0.6853241789795482
1436,0.7124728838537895
1437,0.6630485347791257
1438,0.6739844277135001
1439,0.7534387677404457
1440,0.6914823172705344
1441,0.6612567663947362
1442,0.6366930203169882
1443,0.6757529766673457
1444,0.6324085998045016
1445,0.61182204830699
1446,0.7284867472491434
1447,0.686029643558487
1448,0.6759189252093448
1449,0.5785334378408431
1450,0.7638337408385282
1451,0.7013044821839012
1452,0.7363804448222985
1453,0.6683147734679626
1454,0.4751637242700896
1455,0.7181992435674014
1456,0.8293572047837451
1457,0.7651277702933247
1458,0.7544048326277383
1459,0.6515603982818475
1460,0.49783202071102317
1461,0.6339290540742248
1462,0.6617660882300653
1463,0.4028348765245376
1464,0.6250256729104288
1465,0.6806876386980425
1466,0.6070126292090336
1467,0.8000720813345052
1468,0.6566022824795907
1469,0.7515498562645907
1470,0.6592508006919312
1471,0.6810509966291627
1472,0.6968129898259378
1473,0.4121968775368911
1474,0.7687370517986049
1475,0.6062332605736507
1476,0.7225365787704024
1477,0.6353498775114022
1478,0.6716229301200561
1479,0.6464291090693165
1480,0.5703592182114973
1481,0.7045780103025877
1482,0.6398222531371991
1483,0.7285477247479937
1484,0.4390894498615526
1485,0.5021234561066484
1486,0.643777995331337
1487,0.7129905794819894
1488,0.7615995010806038
1489,0.4777625072305989
1490,0.6249179764747297
1491,0.729552307786381
1492,0.6985246325030029
1493,0.7558392012076272
1494,0.6052227426727358
1495,0.545761627214989
1496,0.5415867394432413
1497,0.6967496458112438
1498,0.7634989517438581
1499,0.6682456477158796
1500,0.6388287625830759
1501,0.7222513664984221
1502,0.7033274395635205
1503,0.4130637166612149
1504,0.555507020052075
1505,0.6630625943054164
1506,0.43479749016852387
1507,0.4214871734095985
1508,0.6618812248856804
1509,0.6660400484172593
1510,0.7370220415888921
1511,0.5705692630242503
1512,0.641574964481197
1513,0.47104871969271866
1514,0.6045366962103036
1515,0.5495639306144766
1516,0.46307296069822795
1517,0.8101476425008473
1518,0.631430863100788
1519,0.6580784887300061
1520,0.740733394369829
1521,0.5494695956095603
1522,0.5520081670848003
1523,0.6407463476347833
1524,0.5751604715738184
1525,0.5737654566214714
1526,0.6648776019293209
1527,0.6545963507523905
1528,0.5013842847249099
1529,0.6818731550871875
1530,0.6827256617481074
1531,0.6482408457923522
1532,0.7082436010500883
1533,0.43154298980121575
1534,0.7452216592956452
1535,0.665691017595762
1536,0.7008965617634833
1537,0.7218289390668705
1538,0.7068425655307231
1539,0.6738344155042107
1540,0.6202417996868828
1541,0.6995234977354278
1542,0.507502716737212
1543,0.6281927236670791
1544,0.6940044134358065
1545,0.6539569023575464
1546,0.6094051954767593
1547,0.7926427064613906
1548,0.5509151818100386
1549,0.5736795718123658
1550,0.5398604823753129
1551,0.5238619807089374
1552,0.8107066999911342
1553,0.6630899562586943
1554,0.6972659998997287
1555,0.7425289781998875
1556,0.6911328088360771
1557,0.7844862829608934
1558,0.6273824400115604
1559,0.6751704823417212
1560,0.672893749655701
1561,0.6495986632940952
1562,0.7007894724746673
1563,0.5557130685011035
1564,0.709392399108439
1565,0.4564865227972252
1566,0.697411146557103
1567,0.6658485560346626
1568,0.643745881607983
1569,0.6692053651593399
1570,0.6433946107821247
1571,0.7123377349606869
1572,0.58871505692084
1573,0.4421093515771783
1574,0.6674501360415304
1575,0.5728404366508882
1576,0.7419580553187459
1577,0.7892007751183895
1578,0.757875858672675
1579,0.6793421829637019
1580,0.750464446402616
1581,0.7341638096663179
1582,0.44450375806782355
1583,0.6461184861109149
1584,0.7025781731963037
1585,0.6718513740114985
1586,0.6622878348025585
1587,0.6166762460596245
1588,0.439770796539007
1589,0.6842275559503391
1590,0.6635220402600264
1591,0.6707756732390897
1592,0.6302152966416302
1593,0.7542038768564094
1594,0.7894485019513731
1595,0.6386262080308331
1596,0.7238823292207757
1597,0.6204818991219396
1598,0.7692989975549303
1599,0.6550158951755678
1600,0.6033949792735095
1601,0.4281040639856227
1602,0.6780374240181534
1603,0.7138816036827207
1604,0.6468417900283018
1605,0.6338093620831444
1606,0.7095693299710942
1607,0.6419972990405126
1608,0.6129811085761866
1609,0.7238502161037621
1610,0.6298723804308644
1611,0.6481752592297275
1612,0.43404488329663016
1613,0.7695967158483485
1614,0.4748410569228223
1615,0.6363369318058936
1616,0.5429944870674055
1617,0.4460182020296493
1618,0.7308653650659447
1619,0.7173000737463227
1620,0.7593861976735249
1621,0.6222803310450178
1622,0.6783760260559981
1623,0.7367498966839153
1624,0.7559531542403969
1625,0.44300546932259216
1626,0.7637190359813822
1627,0.7504944194361743
1628,0.6307459906662333
1629,0.7422458778330443
1630,0.678914536680632
1631,0.4302824365553148
1632,0.7137593749277692
1633,0.7649070127114945
1634,0.7077292546329247
1635,0.4602898593426691
1636,0.6898357794699129
1637,0.6433550458972963
1638,0.6248721975018177
1639,0.750869488054589
1640,0.6228073355555717
1641,0.6800869536266843
1642,0.7167789930955266
1643,0.6635177435076819
1644,0.4445777484164768
1645,0.6479243106517139
1646,0.7630764343455073
1647,0.4448043790797244
1648,0.4656478249981951
1649,0.5915952911745765
1650,0.7358746399748365
1651,0.50993609670029
1652,0.7131113810286611
1653,0.7020890593991632
1654,0.6949718915901115
1655,0.639929390570542
1656,0.4939339962077432
1657,0.5451998139810673
1658,0.46384891637746845
1659,0.6852937559320048
1660,0.5903424292553775
1661,0.7201050189843653
1662,0.5091587207853789
1663,0.6469567020597167
1664,0.5768831973802623
1665,0.4337236265322321
1666,0.731119468999563
1667,0.642491261513559
1668,0.5720098922526053
1669,0.5963407694875835
1670,0.6502433174348913
1671,0.6141886520229589
1672,0.6957973062786985
1673,0.7648500732157212
1674,0.4203413479810513
1675,0.48654136530250297
1676,0.7208558713041475
1677,0.4792283536364617
1678,0.6475255538178097
1679,0.7598984631603238
1680,0.661817635783657
1681,0.8027890313868066
1682,0.5160186752708346
1683,0.7099159122727454
1684,0.44397504641274926
1685,0.5238460374243639
1686,0.7172001899788623
1687,0.4432646801259089
1688,0.4662668659036005
1689,0.5533051283677844
1690,0.7591513513050628
1691,0.7292109149731946
1692,0.7622580342933027
1693,0.6761490733088855
1694,0.666758801980482
1695,0.5700476942774685
1696,0.48950361671614856
1697,0.6890818978599417
1698,0.7724525752782023
1699,0.6283125136656681
1700,0.5031954810826
1701,0.6196241245035482
1702,0.7008487856137039
1703,0.5296325604259552
1704,0.6257118250826711
1705,0.6807294867868073
1706,0.6040888136663934
1707,0.5758226572622304
1708,0.4700594272310851
1709,0.6253207124010071
1710,0.7057071770382914
1711,0.6534399065343188
1712,0.5712983145876941
1713,0.6564987823490793
1714,0.624366143162734
1715,0.6598219439563398
1716,0.7119546938362005
1717,0.6961918553999924
1718,0.46112772721437834
1719,0.49187631591709907
1720,0.7026896655365193
1721,0.7449601420673628
1722,0.37165668896599113
1723,0.47532186180091474
1724,0.6871147924970566
1725,0.7917671383031785
1726,0.6759322074910097
1727,0.688955660742228
1728,0.6512821591925408
1729,0.8113845502854948
1730,0.5486135369304337
1731,0.7239591283971971
1732,0.46691665154696166
1733,0.6576635707440476
1734,0.6539443065011619
1735,0.6647493455555527
1736,0.40974993408076815
1737,0.5673531140859871
1738,0.7476535622924718
1739,0.555393880065853
1740,0.7752434036766673
1741,0.561596530855313
1742,0.5593883750315651
1743,0.6357818263485073
1744,0.43282592209553167
1745,0.43273628064967606
1746,0.6130733370419127
1747,0.4506387922226479
1748,0.648319561737207
1749,0.4514392849994232
1750,0.6984307428691481
1751,0.49724586894726786
1752,0.6692604578426373
1753,0.6711169347656782
1754,0.4433499708702121
1755,0.7331011181143007
1756,0.7224691563491712
1757,0.7430159803353472
1758,0.8030692308240004
1759,0.7658901612911473
1760,0.7051819260847488
1761,0.6857960536692344
1762,0.7743319254804291
1763,0.6456749691757
1764,0.600994824535169
1765,0.6687042974796659
1766,0.6488662144454632
1767,0.6734783537147082
1768,0.5983076279660682
1769,0.41174797358200327
1770,0.6773779358132087
1771,0.5792969639658586
1772,0.6679930769258253
1773,0.42356683963738795
1774,0.6645733043973595
1775,0.4062317334828031
1776,0.6461963018312851
1777,0.7684070869898492
1778,0.6397643126335631
1779,0.7776225481790195
1780,0.5746542707045612
1781,0.4717082460561672
1782,0.4781063109994316
1783,0.6058068105837613
1784,0.6559362741468688
1785,0.6691391191299657
1786,0.6386836712841321
1787,0.7568172627257526
1788,0.5116771625401231
1789,0.6682202225196611
1790,0.5455174218989274
1791,0.6381338954972942
1792,0.6962094265583924
1793,0.7263116455800915
1794,0.6556117152821296
1795,0.6969186828605206
1796,0.46337102790450435
1797,0.7191702448354663
1798,0.6696256528083018
1799,0.7015526022125951
1800,0.7473458770612776
1801,0.5624515496617621
1802,0.4607917200384292
1803,0.680451550748025
1804,0.6439824578852683
1805,0.6093282384856474
1806,0.7694480568086614
1807,0.6332466479259878
1808,0.7066466534881767
1809,0.7166505693006505
1810,0.6535358782993914
1811,0.7020584621484133
1812,0.7824144748754015
1813,0.6958713100578724
1814,0.7327874636195268
1815,0.7516206010748431
1816,0.685112393668138
1817,0.6830131645887502
1818,0.757152380002089
1819,0.6429485983465375
1820,0.6107327174114136
1821,0.46484422398267655
1822,0.539106825114098
1823,0.5860024211339483
1824,0.5257007499795888
1825,0.7739143282208689
1826,0.5869182768134427
1827,0.6945277947687422
1828,0.6550362697135647
1829,0.4207948594399824
1830,0.5531969813781885
1831,0.6096754223441733
1832,0.7727043306000069
1833,0.4633239790761004
1834,0.5419416622352035
1835,0.7555067014980414
1836,0.6866423383728435
1837,0.6373829011156568
1838,0.5041057212097446
1839,0.4017379373708963
1840,0.6857917615324304
1841,0.7252532390770601
1842,0.5143911535255311
1843,0.7184373465089771
1844,0.7052615471304643
1845,0.5731431408856986
1846,0.5083828493565435
1847,0.45675262658074867
1848,0.48345262511651776
1849,0.538630280732653
1850,0.7550745022953484
1851,0.7328811062890783
1852,0.7272153759331909
1853,0.6707453402584161
1854,0.6048718875457922
1855,0.7340388796624064
1856,0.7375512333896523
1857,0.7893518268442926
1858,0.7080966808594039
1859,0.5375735966898282
1860,0.685747408158383
1861,0.7605916509919072
1862,0.6599708099711556
1863,0.5444283519279084
1864,0.7002094699935071
1865,0.4846794749739473
1866,0.4578706870700507
1867,0.4443135336914458
1868,0.6222906564739723
1869,0.6686991182413521
1870,0.6479871133997994
1871,0.4285774201226762
1872,0.679215939150738
1873,0.7036670262722132
1874,0.7605048056135121
1875,0.5627917665529918
1876,0.5955316372790133
1877,0.6259938275818856
1878,0.7287218814212609
1879,0.7080859521806102
1880,0.5570129424615349
1881,0.7162544238973021
1882,0.7578544499734121
1883,0.5807006004996617
1884,0.5109991925596188
1885,0.42300932000570834
1886,0.693830678051552
1887,0.45182627537598824
1888,0.6939376778278019
1889,0.536195288481315
1890,0.7670853197313183
1891,0.6607506065173578
1892,0.3948698136276076
1893,0.6529479934286457
1894,0.7867938568894325
1895,0.7143315432275062
1896,0.6970354350627389
1897,0.6325050175814706
1898,0.43017077209682786
1899,0.5524412331996101
1900,0.7091611729682696
1901,0.6599708769556674
1902,0.4291041759829532
1903,0.6248320476154742
1904,0.7079479895984248
1905,0.6393191370579624
1906,0.7136896800045729
1907,0.6006140458061888
1908,0.657062249490483
1909,0.46106842782015833
